0,15.1322
0.987,15.1207
1.987,15.1038
2.986,15.0763
3.986,15.0642
4.986,15.0322
5.987,15.0159
6.987,14.9965
7.986,14.974
8.986,14.9551
9.987,14.9276
10.987,14.8981
11.986,14.872
12.986,14.8385
13.987,14.8248
14.987,14.7967
15.987,14.7738
16.987,14.7399
17.987,14.7218
18.987,14.6916
19.987,14.671
20.987,14.6537
21.987,14.6308
22.987,14.5966
23.986,14.5758
24.986,14.5409
25.986,14.5222
26.986,14.4949
27.986,14.4664
28.987,14.4386
29.987,14.4157
30.986,14.4042
31.986,14.3673
32.986,14.3456
33.987,14.3153
34.986,14.2889
35.987,14.2671
36.986,14.2354
37.987,14.2141
38.987,14.1928
39.986,14.1639
40.986,14.144
41.987,14.1145
42.986,14.0865
43.987,14.0642
44.986,14.0437
45.987,14.007
46.987,13.9896
47.986,13.9702
48.987,13.9381
49.986,13.9162
50.986,13.8807
51.987,13.8632
52.987,13.8388
53.987,13.8152
54.986,13.7913
55.986,13.7703
56.986,13.7429
57.986,13.7099
58.986,13.694
59.987,13.6687
60.987,13.6496
61.986,13.6258
62.986,13.6
63.986,13.5871
64.986,13.5654
65.987,13.5399
66.987,13.5121
67.987,13.4928
68.987,13.4622
69.986,13.434
70.986,13.4096
71.987,13.3776
72.987,13.3497
73.986,13.3284
74.986,13.3135
75.987,13.2946
76.987,13.2578
77.987,13.2451
78.986,13.2296
79.986,13.2021
80.987,13.169
81.987,13.1563
82.986,13.1302
83.986,13.1063
84.987,13.0912
85.986,13.0628
86.987,13.0403
87.986,13.0141
88.987,12.9919
89.986,12.9686
90.987,12.934
91.986,12.9304
92.987,12.9064
93.986,12.8838
94.987,12.8566
95.986,12.8275
96.987,12.8152
97.986,12.7955
98.987,12.7676
99.986,12.7477
100.987,12.7332
101.986,12.7041
102.987,12.6865
103.987,12.6593
104.987,12.6414
105.987,12.619
106.987,12.6075
107.987,12.5791
108.987,12.551
109.987,12.5303
110.987,12.503
111.986,12.4874
112.986,12.4632
113.986,12.449
114.987,12.4242
115.987,12.4039
116.986,12.3762
117.986,12.3606
118.987,12.3335
119.987,12.312
120.987,12.2989
121.986,12.2695
122.987,12.2427
123.987,12.2279
124.987,12.2067
125.986,12.1799
126.986,12.1504
127.987,12.1391
128.987,12.1127
129.986,12.0946
130.987,12.0714
131.987,12.0441
132.986,12.0297
133.986,12.0076
134.987,11.9771
135.986,11.9633
136.987,11.9331
137.986,11.9121
138.987,11.8972
139.987,11.8733
140.987,11.8542
141.986,11.829
142.987,11.8205
143.987,11.7961
144.987,11.7762
145.987,11.7609
146.986,11.7355
147.987,11.7155
148.987,11.6974
149.987,11.6764
150.986,11.655
151.987,11.6246
152.986,11.6168
153.987,11.5998
154.987,11.5778
155.986,11.557
156.986,11.5409
157.986,11.5085
158.986,11.4863
159.986,11.4784
160.987,11.455
161.986,11.4317
162.986,11.407
163.987,11.4046
164.987,11.3889
165.986,11.3612
166.986,11.339
167.987,11.3228
168.986,11.3022
169.987,11.2793
170.987,11.2657
171.986,11.2422
172.987,11.2209
173.987,11.2073
174.986,11.1834
175.987,11.16
176.987,11.1472
177.986,11.1325
178.987,11.1105
179.987,11.0826
180.986,11.0672
181.987,11.0567
182.987,11.0292
183.986,11.0156
184.987,10.9922
185.987,10.9811
186.987,10.9573
187.986,10.9438
188.987,10.9175
189.986,10.8963
190.987,10.8894
191.986,10.8636
192.987,10.8419
193.986,10.8309
194.987,10.8119
195.987,10.7806
196.986,10.7689
197.987,10.7499
198.986,10.712
199.987,10.7045
200.986,10.6927
201.986,10.6791
202.987,10.6479
203.987,10.6337
204.987,10.6178
205.986,10.6005
206.985,10.579
207.986,10.5599
208.986,10.5493
209.986,10.5399
210.985,10.5095
211.985,10.4909
212.985,10.4773
213.985,10.456
214.985,10.4379
215.985,10.4207
216.986,10.4001
217.986,10.3849
218.985,10.3637
219.985,10.3394
220.986,10.3387
230.985,10.0094
231.987,9.9976
232.986,9.9766
233.987,9.9499
234.987,9.9302
235.986,9.9032
236.987,9.8776
237.986,9.8663
238.987,9.8495
239.986,9.8342
240.987,9.8138
241.986,9.791
242.987,9.7792
243.986,9.7572
244.987,9.7471
245.987,9.7314
246.986,9.7013
247.987,9.6933
248.986,9.6764
249.987,9.657
250.986,9.6373
251.987,9.6239
252.986,9.6107
253.987,9.588
254.987,9.5835
255.986,9.5594
256.987,9.5515
257.987,9.5308
258.987,9.5152
259.987,9.4883
260.987,9.4707
261.986,9.4535
262.986,9.4356
263.986,9.4168
264.987,9.4074
265.986,9.384
266.986,9.3708
267.987,9.3543
268.987,9.3249
269.986,9.3212
270.987,9.304
271.987,9.2791
272.986,9.2569
287.986,8.9904
288.987,8.9787
289.986,8.9634
290.987,8.9433
291.987,8.9334
292.986,8.9154
293.987,8.9012
294.986,8.8857
295.987,8.87
296.986,8.8525
297.987,8.833
298.987,8.8205
299.986,8.8071
300.987,8.7953
301.987,8.7746
302.986,8.7726
303.987,8.7485
304.986,8.7316
305.986,8.7156
306.987,8.7013
307.987,8.6835
308.987,8.6719
309.987,8.661
310.986,8.6359
311.987,8.6155
312.987,8.5999
313.986,8.5823
314.987,8.5727
315.987,8.5589
316.987,8.5476
317.987,8.5307
318.987,8.5253
319.986,8.5055
320.987,8.4885
321.986,8.4811
322.987,8.4522
323.986,8.446
324.987,8.4306
325.987,8.4179
326.986,8.3945
327.987,8.3946
328.986,8.3778
329.986,8.3543
330.987,8.3355
331.986,8.3225
332.987,8.3125
333.986,8.2961
334.987,8.2853
335.987,8.2796
336.987,8.26
337.986,8.2355
338.987,8.2291
339.987,8.2171
340.986,8.1947
341.986,8.1907
342.987,8.1754
343.986,8.1525
344.987,8.1452
345.987,8.1214
346.986,8.109
347.986,8.1051
348.987,8.0946
349.986,8.0792
350.986,8.0657
351.987,8.0548
352.987,8.0327
353.986,8.015
354.987,8.002
355.986,7.9882
356.986,7.9737
357.986,7.9644
358.987,7.9488
359.987,7.9337
360.986,7.9192
361.987,7.9086
362.987,7.8938
363.986,7.8733
364.987,7.862
365.987,7.8466
366.986,7.8436
367.987,7.8151
368.986,7.8022
369.987,7.7773
370.986,7.7731
371.986,7.7641
372.987,7.7506
373.986,7.7364
